date,fatality_rate,med_fatal,med_injury,med_no_injury,conf_ind_head-on,conf_ind_not-head-on,c_hour,fri_fatality_rate,mon_fatality_rate,sat_fatality_rate,sun_fatality_rate,thurs_fatality_rate,tues_fatality_rate,weds_fatality_rate,year,month
1999-01-01,0.012911113098965322,163.0,164.0,89.0,152.0,281.0,13.511337970909748,0.013242894056847546,0.01659840482862686,0.014843320505772403,0.01167728237791932,0.011014615547553484,0.008220502901353965,0.013806706114398421,1999,1
1999-02-01,0.018162634712487753,196.0,176.0,97.0,139.0,343.0,13.499923954372624,0.014508683227082875,0.0149812734082397,0.02273792780121894,0.03199760765550239,0.018028169014084508,0.010419522895530574,0.015851325498770157,1999,2
1999-03-01,0.02098187003463027,219.0,250.0,122.0,149.0,469.0,13.507758709279623,0.013767783386874713,0.017109874252731395,0.021550656428040625,0.02742749054224464,0.035514967021816335,0.022345081778392076,0.01319710515112814,1999,3
1999-04-01,0.015417649336477877,190.0,154.0,83.0,82.0,356.0,13.890339797189112,0.011209114296214627,0.012318029115341545,0.01988781234064253,0.020989074180563543,0.013578274760383386,0.016097147698390286,0.01641747288185283,1999,4
1999-05-01,0.017953270764634592,266.0,248.0,99.0,114.0,523.0,13.851641324428023,0.016170058139534885,0.02111324376199616,0.0227765726681128,0.02580019398642095,0.011567516525023608,0.016211604095563138,0.007870259957071309,1999,5
1999-06-01,0.017418779875232927,267.0,235.0,130.0,126.0,519.0,13.998990505293026,0.015353467184072886,0.014161220043572984,0.015925422412118858,0.03627827571489543,0.01878238341968912,0.009771447499171911,0.015304406323578877,1999,6
1999-07-01,0.01966089466089466,291.0,316.0,137.0,119.0,644.0,14.058745375918303,0.021964007368570213,0.018713701871370187,0.020933977455716585,0.027649769585253458,0.020149001015916018,0.013706793802145411,0.014187271990271585,1999,7
1999-08-01,0.018636235990911645,294.0,261.0,152.0,165.0,565.0,14.046635198225387,0.013561511139812722,0.017724510465901417,0.03007805063773082,0.026194144838212634,0.015378133558036656,0.011337868480725623,0.017140552530752168,1999,8
1999-09-01,0.021630661256716744,257.0,333.0,183.0,110.0,679.0,13.804861823322339,0.03931451612903226,0.014928909952606635,0.027151051625239005,0.030466369814858216,0.008027522935779817,0.022013949433304272,0.011568335812262435,1999,9
1999-10-01,0.01786649755989964,263.0,225.0,135.0,166.0,482.0,13.830274335050829,0.018365717327655046,0.017866390471258417,0.01923911471141328,0.02858893199918317,0.015621462531129726,0.010914382731021102,0.011155734047300312,1999,10
1999-11-01,0.018904730485670845,278.0,235.0,122.0,141.0,518.0,13.79458912037037,0.01766109785202864,0.019875292283710055,0.02285827867223216,0.02857943401513029,0.015880429705744978,0.013841421736158578,0.017123287671232876,1999,11
1999-12-01,0.020178294987455294,296.0,284.0,156.0,229.0,527.0,13.89400474444684,0.01854210898796886,0.02211457455770851,0.023352601156069363,0.023238380809595203,0.01255783212161269,0.015561843168957154,0.027582908163265307,1999,12
2000-01-01,0.015864562603357904,228.0,200.0,121.0,179.0,387.0,13.253121645290694,0.015292012363754676,0.01395519647447668,0.021258646870254767,0.021469859620148638,0.01430401366353544,0.009456838021338506,0.013321492007104795,2000,1
2000-02-01,0.014350924435979113,170.0,144.0,106.0,133.0,304.0,13.463813178089442,0.010544478527607362,0.01782437745740498,0.019612476370510397,0.018974794675729253,0.010443864229765013,0.010712814173877214,0.015212740670311385,2000,2
2000-03-01,0.015078993774067009,174.0,150.0,81.0,103.0,316.0,13.567054811912794,0.015321756894790603,0.01279441698168072,0.016332982086406742,0.024088541666666668,0.012872628726287264,0.011406844106463879,0.013937282229965157,2000,3
2000-04-01,0.015863392947357786,216.0,180.0,65.0,80.0,391.0,13.743322431180157,0.013879709187045605,0.006093845216331505,0.021845508563439357,0.01975540921919097,0.01807511737089202,0.013563829787234043,0.013164687661331956,2000,4
2000-05-01,0.01612231542625974,232.0,203.0,88.0,95.0,447.0,13.83886170564044,0.011516689439781378,0.019955654101995565,0.025727541121889498,0.019833824711873494,0.013058875608676405,0.007784317448262768,0.016682464454976304,2000,5
2000-06-01,0.015466860434940572,250.0,231.0,91.0,97.0,499.0,13.88602421002987,0.015890562387729724,0.012324691882702932,0.01606575751914814,0.021937445699391833,0.01412180052956752,0.01336525034909236,0.015151515151515152,2000,6
2000-07-01,0.01900164338537387,299.0,301.0,121.0,94.0,646.0,14.077661091663426,0.01730103806228374,0.028398268398268398,0.017640902975033637,0.024726581074655255,0.015445627217699855,0.0131521262604121,0.013271539919949442,2000,7
2000-08-01,0.01854697960353226,281.0,277.0,132.0,134.0,578.0,14.031326570939271,0.022525718339836822,0.016541353383458645,0.02398172820708032,0.018824076225888914,0.01726384364820847,0.01716265155093686,0.014228987425545996,2000,8
2000-09-01,0.01938209664642197,299.0,277.0,131.0,156.0,578.0,13.861872115666765,0.02262872628726287,0.012803532008830023,0.02338935574229692,0.01937046004842615,0.018404907975460124,0.022708333333333334,0.012404382881951623,2000,9
2000-10-01,0.017189981333407628,272.0,210.0,112.0,132.0,485.0,13.63248608221335,0.016568241469816274,0.016049646907768028,0.020172910662824207,0.022145857197403588,0.018105263157894735,0.014417744916820702,0.0123866401238664,2000,10
2000-11-01,0.015250482789957968,245.0,168.0,104.0,149.0,388.0,13.701737783895389,0.015588333892054978,0.016272848863129737,0.01747532894736842,0.01662125340599455,0.01644579275107776,0.011859476392929067,0.012559155442300692,2000,11
2000-12-01,0.016006802891228772,238.0,236.0,148.0,236.0,404.0,13.571041914350037,0.0160837375542507,0.015704387990762125,0.015456887407182906,0.016973125884016973,0.013736741436271953,0.013545347467608953,0.020671834625323,2000,12
2001-01-01,0.013033061811212266,168.0,140.0,85.0,127.0,281.0,13.602665031941665,0.01775376302585874,0.006212466349140609,0.01823092505064146,0.015054572826496047,0.012554321583775953,0.014300306435137897,0.008338181113050224,2001,1
2001-02-01,0.01495754408883083,183.0,154.0,107.0,128.0,330.0,13.254812913416922,0.02008310249307479,0.01422550052687039,0.016534114692339893,0.00861573808156232,0.015330188679245283,0.00915534554046072,0.016226240148354196,2001,2
2001-03-01,0.014957548421331918,172.0,184.0,79.0,96.0,355.0,13.503695775778453,0.011132370847103844,0.010869565217391304,0.02093114241001565,0.018688524590163933,0.017336324699163776,0.012575320932669635,0.013125512715340444,2001,3
2001-04-01,0.016213086276780544,171.0,199.0,68.0,60.0,388.0,13.76292504570384,0.029295512671471752,0.012996054769087955,0.018796992481203006,0.018368846436443792,0.009908168197196714,0.008445417578980294,0.012843488649940263,2001,4
2001-05-01,0.014830697757527026,226.0,153.0,99.0,67.0,431.0,13.906751346958432,0.01224105461393597,0.01717948717948718,0.01654331737048324,0.0222509702457956,0.014568546880836758,0.011109087597887451,0.012838238198696426,2001,5
2001-06-01,0.018086572925282603,273.0,270.0,105.0,91.0,565.0,13.900217342844405,0.02132668605456308,0.013591338401290025,0.024008674101610904,0.020608899297423888,0.015714285714285715,0.012738853503184714,0.014297908664105847,2001,6
2001-07-01,0.015964308750806278,247.0,218.0,108.0,83.0,511.0,14.113074493574384,0.011689874505758983,0.01745860331173506,0.018331616889804326,0.029241814043074767,0.00866062437059416,0.014551192145862552,0.010217391304347826,2001,7
2001-08-01,0.019885784213746687,305.0,325.0,130.0,177.0,603.0,14.025878099173553,0.02134846642345629,0.020575221238938055,0.020543924867931912,0.02738571729513377,0.019447445593455782,0.017765979170920973,0.013346515076618883,2001,8
2001-09-01,0.016900922652410107,252.0,208.0,117.0,123.0,465.0,13.732278885852184,0.017934877241859656,0.015360983102918587,0.02084907085662487,0.02104664391353811,0.01293103448275862,0.012919896640826873,0.013961605584642234,2001,9
2001-10-01,0.015918594926122107,235.0,201.0,124.0,98.0,473.0,13.673375179440988,0.01787424194063198,0.015580155801558016,0.015730337078651686,0.0254472159234064,0.013136288998357963,0.011359404096834265,0.014234875444839857,2001,10
2001-11-01,0.016740680144910598,251.0,171.0,135.0,115.0,458.0,13.815936818530087,0.014699821404039016,0.014127921911122528,0.020553691275167787,0.012048192771084338,0.015790330457431223,0.02259626469910076,0.017809867629362215,2001,11
2001-12-01,0.018005144326950558,275.0,273.0,118.0,241.0,452.0,13.894445899921404,0.014752040175768989,0.016427459795953656,0.02203469292076887,0.02693467336683417,0.014691852699866437,0.014005602240896359,0.016927322907083715,2001,12
2002-01-01,0.015357745121657431,201.0,203.0,89.0,186.0,324.0,13.554481038834655,0.018533944189920867,0.01127141568981064,0.019848076451850036,0.018192488262910797,0.011365508153516718,0.014351205899940203,0.01614100185528757,2002,1
2002-02-01,0.01573241218919936,189.0,160.0,90.0,189.0,271.0,13.568449400959846,0.017572207634821247,0.012627489072365225,0.018693857732459334,0.014058679706601468,0.016553975285614364,0.016687116564417178,0.013369589848175845,2002,2
2002-03-01,0.013526218421132441,183.0,165.0,90.0,134.0,312.0,13.55850754491751,0.017818841775284606,0.015593561368209255,0.016276517922457937,0.01366120218579235,0.0137524557956778,0.008372935053179452,0.00662414131501472,2002,3
2002-04-01,0.015022461814914645,181.0,167.0,60.0,114.0,304.0,13.734586302166642,0.015474794841735053,0.010250569476082005,0.018573551263001486,0.027283874923359902,0.013097949886104784,0.010945890128046263,0.012514220705346985,2002,4
2002-05-01,0.016219359182299477,226.0,204.0,80.0,81.0,449.0,13.896779776253167,0.014261616316515872,0.014767344664251881,0.024199124222171006,0.02262443438914027,0.01704966641957005,0.009126788357178096,0.01295594977077935,2002,5
2002-06-01,0.01676906978616082,245.0,221.0,147.0,111.0,514.0,13.890445859872612,0.017707509881422924,0.011583011583011582,0.029411764705882353,0.018471104608632043,0.010452961672473868,0.015444015444015444,0.00954554886905997,2002,6
2002-07-01,0.018384056851537153,297.0,282.0,114.0,130.0,584.0,14.148911231506563,0.013748550604604936,0.01885544161429044,0.02410358565737052,0.027752081406105456,0.021521906225980016,0.012178845512178845,0.014646708514405278,2002,7
2002-08-01,0.018368355995055624,319.0,254.0,143.0,105.0,638.0,14.011920861507638,0.01870770863738888,0.015505478602439528,0.024449506454062263,0.026986825329366766,0.012123048946810122,0.012360211889346674,0.01888276947285602,2002,8
2002-09-01,0.018106415851245495,264.0,218.0,171.0,124.0,544.0,13.67179149880786,0.01645141451414514,0.017514440096888392,0.018467220683287166,0.02378255945639864,0.02615321252059308,0.010455876202425763,0.01370743199828657,2002,9
2002-10-01,0.017835483515271804,276.0,230.0,124.0,151.0,496.0,13.616646703250787,0.020397842211732974,0.01472007722007722,0.027906150017774616,0.03284199637962244,0.012421273617914626,0.0067292367628829465,0.01347557551937114,2002,10
2002-11-01,0.016516185862144903,242.0,211.0,122.0,173.0,427.0,13.637529137529137,0.019098548510313215,0.011689961880559084,0.017488532110091742,0.021318304337172262,0.01867754401030485,0.014013046629620681,0.010672358591248666,2002,11
2002-12-01,0.02060472092839662,298.0,314.0,144.0,270.0,513.0,13.673208871868518,0.026677852348993288,0.013309134906231096,0.018518518518518517,0.03112118713932399,0.022203602848764138,0.01597031779319245,0.01897133220910624,2002,12
2003-01-01,0.01381674897014047,217.0,200.0,107.0,154.0,386.0,13.333651514369743,0.01161140498000258,0.013474667624865252,0.011159737417943107,0.01910828025477707,0.014307692307692308,0.011547774259638667,0.01749475157452764,2003,1
2003-02-01,0.011025323292981285,134.0,117.0,81.0,92.0,255.0,13.284155628079606,0.008953553441522105,0.010223490252020923,0.015491692860350247,0.013529765484064944,0.01041264944080216,0.008395734059450873,0.011260763965555311,2003,2
2003-03-01,0.016433772879354457,167.0,210.0,106.0,192.0,309.0,13.377364730784496,0.009159964253798034,0.011715797430083144,0.016477637491975176,0.023118957545187054,0.019402202412165705,0.010802052389954091,0.025749933634191664,2003,3
2003-04-01,0.016108488798981045,197.0,142.0,80.0,105.0,325.0,13.634750028384362,0.009569377990430622,0.01824930405196412,0.023178807947019868,0.02441438469152095,0.016878732796676187,0.011295681063122924,0.012340036563071298,2003,4
2003-05-01,0.016225289071242075,235.0,197.0,70.0,114.0,408.0,13.979548104496896,0.016899097621000822,0.012004175365344467,0.02062031356509884,0.016240681576144837,0.01251684960523782,0.01241087932400317,0.0217092607859302,2003,5
2003-06-01,0.016799955570365434,238.0,235.0,116.0,82.0,523.0,14.027248491651466,0.019176254794063697,0.011494252873563218,0.02251552795031056,0.018219319353729804,0.019405450041288193,0.013427734375,0.012109623964308477,2003,6
2003-07-01,0.02202835332606325,295.0,355.0,145.0,119.0,689.0,14.13791866688738,0.023146405720737673,0.01282051282051282,0.022884736510602563,0.030032095369096744,0.018554062699936022,0.031083633865704962,0.01600143833153542,2003,7
2003-08-01,0.020666213460231134,300.0,288.0,137.0,124.0,636.0,14.016518914156709,0.018321069229614056,0.016216216216216217,0.026755310523755474,0.026555246053853298,0.01947009233239663,0.01998262380538662,0.015204936095196122,2003,8
2003-09-01,0.01752095843123604,248.0,187.0,160.0,182.0,422.0,13.782107332531323,0.01863900123087744,0.01637801204819277,0.022731844699255682,0.02923411452041556,0.013131084446456871,0.011424614851999308,0.012715930902111325,2003,9
2003-10-01,0.01766074146397496,271.0,232.0,98.0,133.0,482.0,13.773318620048785,0.020147961592948214,0.01350337584396099,0.02306201550387597,0.01488174328992825,0.01733677609738104,0.019995556542990445,0.013155555555555556,2003,10
2003-11-01,0.016429709161701375,238.0,173.0,125.0,166.0,391.0,13.717606786724215,0.014344262295081968,0.019644527595884004,0.012996014555536303,0.013910702266098272,0.019328802039082413,0.022345132743362833,0.013908205841446454,2003,11
2003-12-01,0.016860616965088945,237.0,206.0,117.0,198.0,383.0,13.671678096242893,0.01990750050271466,0.020631970260223047,0.015447523852794184,0.023014668689934244,0.015410146989094358,0.014012061014544164,0.011541072640868975,2003,12
2004-01-01,0.013889972688255951,201.0,180.0,135.0,202.0,332.0,13.252819598174474,0.014681668496158068,0.010607321131447587,0.012861225785963798,0.016940451745379878,0.01801070907025799,0.009253547193090685,0.014232793916942875,2004,1
2004-02-01,0.01473303301085592,152.0,138.0,97.0,102.0,297.0,13.448613073548003,0.01588352084712111,0.0056461731493099125,0.019721577726218097,0.016516129032258065,0.017586580086580088,0.015204054414510537,0.010187667560321715,2004,2
2004-03-01,0.015083525019797126,151.0,131.0,104.0,89.0,311.0,13.570943885330893,0.014562002275312855,0.00970364542355101,0.01248339973439575,0.025798525798525797,0.013845185651353053,0.012179965200099428,0.018341892883345562,2004,3
2004-04-01,0.01832596310903948,179.0,160.0,106.0,74.0,386.0,13.968817809209998,0.013298928146089718,0.016916070266753416,0.030111412225233364,0.01962846126883982,0.013710946280062936,0.019952654717619207,0.019067175124669992,2004,4
2004-05-01,0.018709506809467143,219.0,209.0,121.0,133.0,433.0,13.814468766684463,0.020745131244707875,0.011293179805137289,0.025449674703406047,0.02205046601500341,0.01840338224322308,0.015981137018600995,0.014652014652014652,2004,5
2004-06-01,0.01758623737001797,231.0,241.0,111.0,82.0,515.0,13.900839735572628,0.01996124031007752,0.017610661589719183,0.02026744671959883,0.03442879499217527,0.009046917736166631,0.011678282162365794,0.014573801050669377,2004,6
2004-07-01,0.019978674448622256,277.0,270.0,141.0,116.0,596.0,14.12412503188143,0.02141920442954976,0.014828544949026877,0.028166609764424717,0.022321428571428572,0.02119460500963391,0.017209302325581394,0.010608856088560886,2004,7
2004-08-01,0.020325769177224,295.0,256.0,154.0,163.0,567.0,14.02926939097152,0.019934828445466745,0.01041860465116279,0.0331258783376832,0.020383060973466878,0.015505568901506879,0.013816019587268276,0.03192466697289848,2004,8
2004-09-01,0.019869139804309984,274.0,218.0,143.0,101.0,561.0,13.817050970873787,0.027701375245579567,0.016744644176311253,0.022562979189485213,0.02629601803155522,0.020566885585896994,0.011494252873563218,0.013924990716672856,2004,9
2004-10-01,0.018313664154699275,278.0,242.0,110.0,144.0,500.0,13.651017709291628,0.012919896640826873,0.021304234866199014,0.023388305847076463,0.028513238289205704,0.013377926421404682,0.012637867647058824,0.015509788965166539,2004,10
2004-11-01,0.018956588453423694,251.0,201.0,115.0,101.0,492.0,13.684030356854514,0.01444184231069477,0.012605042016806723,0.026321865619949203,0.02699662542182227,0.025466893039049237,0.014333398782642844,0.016530849825378346,2004,11
2004-12-01,0.01728876917156836,227.0,219.0,152.0,127.0,502.0,13.601034972039061,0.017155002277212693,0.018875267561782448,0.013704888076747372,0.018436578171091445,0.012221041445270989,0.02161319073083779,0.019420671494404212,2004,12
2005-01-01,0.015966286799620134,208.0,200.0,111.0,169.0,369.0,13.217717583041827,0.020272572402044293,0.0149286023366508,0.013026663952778343,0.01807909604519774,0.014594162335065974,0.016674606955693186,0.01350192884697814,2005,1
2005-02-01,0.01533660615747612,180.0,123.0,88.0,112.0,291.0,13.295430924977866,0.009519492293744334,0.01316829075585989,0.020254479356011424,0.027246188777165097,0.013168503090567052,0.01360741169658367,0.01339737108190091,2005,2
2005-03-01,0.017258400672785112,193.0,183.0,81.0,175.0,297.0,13.453627316784432,0.013986013986013986,0.018808777429467086,0.022311827956989248,0.01758957654723127,0.019857859531772576,0.012862437322868977,0.016121495327102803,2005,3
2005-04-01,0.01695358303147989,189.0,177.0,72.0,69.0,385.0,13.6936165396514,0.015016156624215928,0.013560391043834753,0.021492770613520906,0.022141340612678192,0.014378347899633492,0.01414790996784566,0.01650871293182513,2005,4
2005-05-01,0.019512035154456615,240.0,202.0,124.0,124.0,471.0,13.804393270730332,0.02145748987854251,0.015604395604395605,0.02174898051653829,0.02199074074074074,0.02587890625,0.016059027777777776,0.013191131069323604,2005,5
2005-06-01,0.019824671976164557,295.0,242.0,131.0,157.0,535.0,13.89752445076472,0.019219790675547098,0.01986611962858994,0.03231132075471698,0.027380365071534286,0.01456848772763262,0.015195670274771023,0.01533797039415017,2005,6
2005-07-01,0.01767117216928872,260.0,256.0,102.0,89.0,549.0,13.924365268621125,0.014234875444839857,0.012502694546238414,0.025182778229082048,0.021215043394406944,0.0170194195941523,0.01829924650161464,0.013531799729364006,2005,7
2005-08-01,0.020293154183554495,296.0,265.0,149.0,99.0,632.0,13.887002950681467,0.025194852274787023,0.015805132019338045,0.024801788981500306,0.01958008964378391,0.020223752151462996,0.019006634391249777,0.017757660167130918,2005,8
2005-09-01,0.017775229357798166,255.0,199.0,117.0,137.0,452.0,13.775949096026187,0.01799675468358165,0.01846627340343678,0.020977408944213922,0.020108275328692964,0.015768958185683912,0.018681071348188163,0.012999518536350506,2005,9
2005-10-01,0.017819325951473345,250.0,186.0,140.0,93.0,496.0,13.640818573919427,0.023635340461451885,0.01475548060708263,0.02287975227937382,0.020716443677168753,0.013818181818181818,0.011186770428015564,0.01420256111757858,2005,10
2005-11-01,0.01771505779912926,254.0,194.0,118.0,137.0,453.0,13.613629467807513,0.01558860419279699,0.023966289175664998,0.02236987818383167,0.021332554061952076,0.01510989010989011,0.012946116165150455,0.01681484344800928,2005,11
2005-12-01,0.01949521815403769,278.0,263.0,129.0,204.0,485.0,13.498885650608607,0.019887955182072828,0.018655877725331536,0.018740340030911903,0.02574370709382151,0.023434827232295587,0.018783351120597654,0.011428571428571429,2005,12
2006-01-01,0.017402668867794745,214.0,163.0,111.0,134.0,372.0,13.28476359708721,0.017593244194229415,0.01924778761061947,0.016549038695546362,0.016802168021680216,0.02029283329052145,0.018522329697468615,0.012044967880085654,2006,1
2006-02-01,0.022225514891094977,185.0,237.0,132.0,142.0,458.0,13.174871775672944,0.04074284631419367,0.018607123870281767,0.02381530984204131,0.023127035830618894,0.015421430470619515,0.013709464803585552,0.011190550202051602,2006,2
2006-03-01,0.018601691743393968,203.0,166.0,109.0,114.0,383.0,13.481401515151514,0.022192462215419935,0.010964205095130602,0.019912711402073104,0.018397853583748562,0.017374092808445128,0.018026565464895637,0.02044525215810995,2006,3
2006-04-01,0.018595434973135695,213.0,155.0,102.0,84.0,404.0,13.751166467435315,0.016753926701570682,0.01813386086383119,0.022250748823277707,0.020342612419700215,0.01648634724368882,0.019793459552495698,0.015516763646439457,2006,4
2006-05-01,0.015749039692701666,216.0,153.0,112.0,69.0,423.0,13.742923764492518,0.017440638789661695,0.014017683847315074,0.022425629290617848,0.01404571743321399,0.010028284906145539,0.014028056112224449,0.01734570391286809,2006,5
2006-06-01,0.017314772204325816,261.0,216.0,113.0,160.0,442.0,13.834226311804787,0.014761306532663316,0.02008128137700215,0.022326674500587545,0.03307888040712468,0.01270096463022508,0.013272311212814645,0.00940096195889812,2006,6
2006-07-01,0.02161697247706422,303.0,274.0,145.0,174.0,580.0,13.984159220146223,0.01850067450375795,0.015021066129327717,0.02827098776073091,0.03305946791862285,0.016819246327443048,0.018819702602230485,0.019235225955967557,2006,7
2006-08-01,0.021377275510772144,330.0,267.0,150.0,179.0,589.0,13.992804131275221,0.02776756160353071,0.022755379668562947,0.019550748752079867,0.021557719054242003,0.023397761953204477,0.015112484973381418,0.020032194598461815,2006,8
2006-09-01,0.01751439539347409,265.0,203.0,94.0,102.0,482.0,13.634257857445649,0.017374225713854056,0.011859702245773405,0.02137728459530026,0.016397642838841917,0.026036866359447006,0.011916110581506196,0.01527081842042472,2006,9
2006-10-01,0.01821355833575793,258.0,197.0,147.0,110.0,516.0,13.351302811717945,0.016514474451136584,0.01926550270921132,0.021290462741690202,0.018282231955817938,0.020942408376963352,0.015007320644216691,0.016859122401847577,2006,10
2006-11-01,0.01529240940405944,211.0,161.0,97.0,118.0,377.0,13.613280395160533,0.016214104317249463,0.014397905759162303,0.01692126909518214,0.029083431257344302,0.012437027707808565,0.011585807385952208,0.011182714177407127,2006,11
2006-12-01,0.014645379183297513,212.0,160.0,88.0,163.0,314.0,13.603951490338389,0.012665353222628765,0.016160490387294512,0.013068181818181817,0.012239583333333333,0.020597084008331403,0.010419313850063533,0.018473180503004675,2006,12
2007-01-01,0.015910487339520746,200.0,158.0,122.0,155.0,337.0,13.138408077629164,0.014556682840758712,0.017702520685010582,0.021847070506454815,0.004876349703935911,0.01675289480167529,0.01588310038119441,0.01614658925979681,2007,1
2007-02-01,0.016425733649384034,169.0,155.0,139.0,112.0,380.0,13.209128042399486,0.01599229287090559,0.009643201542912247,0.022249093107617895,0.021345407503234153,0.02567647639739285,0.006900076667518528,0.012242121967807754,2007,2
2007-03-01,0.017143493265056216,172.0,170.0,96.0,102.0,360.0,13.360594237695079,0.01961585615038823,0.016793893129770993,0.01894112277498859,0.019492460463405664,0.01028708133971292,0.0196078431372549,0.015757222060110883,2007,3
2007-04-01,0.020439802537636165,201.0,187.0,87.0,124.0,377.0,13.524149309135904,0.014404432132963989,0.019064565327910524,0.019988066825775655,0.023687214611872145,0.018793273986152326,0.02165087956698241,0.02704443013522215,2007,4
2007-05-01,0.01822658413979414,229.0,159.0,112.0,96.0,437.0,13.801100384096335,0.01477944520236471,0.0250906892382104,0.019892884468247895,0.024093049016892826,0.011108825344579305,0.014587737843551798,0.02198549410698096,2007,5
2007-06-01,0.018096371570691813,240.0,177.0,129.0,84.0,509.0,13.706700105269675,0.015317286652078774,0.015861027190332326,0.023994226952913585,0.028578719060984945,0.016644765659220323,0.014191106906338695,0.012309920347574221,2007,6
2007-07-01,0.01838235294117647,268.0,208.0,116.0,84.0,536.0,13.923374984981377,0.017210682492581602,0.010969285999202234,0.017690875232774673,0.028088784128854842,0.02298352124891587,0.016116653875671526,0.015512589928057555,2007,7
2007-08-01,0.019815410019756435,283.0,220.0,130.0,122.0,550.0,13.90490687679083,0.017934538932894935,0.01915991156963891,0.02624035281146637,0.02248995983935743,0.016188373804267846,0.024867603039373704,0.014708766424789174,2007,8
2007-09-01,0.02050817829941316,282.0,223.0,126.0,131.0,526.0,13.641880152888776,0.026511347660172727,0.01968205904617714,0.025303292894280762,0.025124539744422785,0.01601464195836193,0.015068165510643387,0.012515042117930204,2007,9
2007-10-01,0.019518952273013476,257.0,204.0,108.0,120.0,500.0,13.661381220746968,0.018420053171287504,0.024938216131206472,0.020101565806178587,0.021132961549750515,0.01819487670576969,0.02188183807439825,0.012529199405393926,2007,10
2007-11-01,0.016379419591940184,224.0,162.0,114.0,133.0,384.0,13.540892432328167,0.02148732583515192,0.013588934724581413,0.015764582238570676,0.01875945537065053,0.01375587671948459,0.01664043175174275,0.013872279359005023,2007,11
2007-12-01,0.01955809621684116,228.0,221.0,122.0,240.0,369.0,13.581868970669438,0.018251875887243967,0.0196078431372549,0.01758893280632411,0.03044671824307462,0.019062570082978247,0.01835824809861002,0.01415836392239119,2007,12
2008-01-01,0.017050563740748426,196.0,188.0,90.0,167.0,326.0,13.213490618874266,0.014272970561998216,0.01918798665183537,0.024320457796852647,0.025939474559361488,0.014684886803997552,0.011196228638774307,0.015675426463808206,2008,1
2008-02-01,0.012905820415326119,139.0,118.0,87.0,111.0,242.0,13.283649402979558,0.008220585716732317,0.012115258677144728,0.01186206896551724,0.029551630434782608,0.01188369152970923,0.011764705882352941,0.011185682326621925,2008,2
2008-03-01,0.014957867999838729,150.0,132.0,72.0,110.0,261.0,13.411803118112807,0.022655426765015807,0.0140625,0.01701365569733602,0.012572533849129593,0.012492736780941312,0.012491992312620116,0.01120632827949901,2008,3
2008-04-01,0.0162397380108564,166.0,122.0,61.0,64.0,298.0,13.54364089775561,0.016402557686961357,0.01545095220984549,0.02344180915609487,0.020233463035019456,0.01186196980589504,0.009391007398975526,0.016671541386370285,2008,4
2008-05-01,0.017572615689563163,193.0,170.0,77.0,99.0,362.0,13.772272639505696,0.015995260663507108,0.018942101501072194,0.014680851063829787,0.035373187124159884,0.014465259663267727,0.014523449319213313,0.014745711706289497,2008,5
2008-06-01,0.016321234677501965,204.0,132.0,110.0,95.0,383.0,13.871880832238888,0.014845360824742268,0.013144168579177967,0.01986421926074931,0.02391696750902527,0.01008318628686665,0.012513312034078808,0.020227920227920228,2008,6
2008-07-01,0.020377484549858025,263.0,216.0,101.0,172.0,438.0,13.930024713091168,0.018510258697591438,0.01705302424726885,0.02501226091221187,0.030232558139534883,0.019556451612903227,0.01868131868131868,0.016059957173447537,2008,7
2008-08-01,0.019324751652984955,266.0,163.0,126.0,96.0,509.0,13.91883053810788,0.01696658097686375,0.018633540372670808,0.02169035153328347,0.030702751876279282,0.014097744360902255,0.016612943218447807,0.015796519410977244,2008,8
2008-09-01,0.018317174515235457,235.0,165.0,110.0,77.0,452.0,13.484757165884085,0.017947537965945698,0.012729498164014688,0.022181146025878003,0.02566295979469632,0.015554440541896638,0.019374068554396422,0.015271061338763044,2008,9
2008-10-01,0.018020158143007434,220.0,186.0,98.0,98.0,433.0,13.64028678261466,0.023805294013146207,0.015192950470981464,0.019254813703425855,0.026358607224210868,0.01365320850399844,0.011637347767253045,0.01633705932932072,2008,10
2008-11-01,0.017402991246812324,209.0,161.0,100.0,99.0,406.0,13.586654115678277,0.013648400896312895,0.02201524132091448,0.021611001964636542,0.01917282936181868,0.008609774626487718,0.02003740315255143,0.017178804742317928,2008,11
2008-12-01,0.016194068678459937,190.0,175.0,105.0,150.0,348.0,13.566310599835662,0.013774104683195593,0.021218487394957984,0.012673081436282563,0.0205686630369026,0.014053458252962248,0.017557549746390948,0.013935969868173258,2008,12
2009-01-01,0.014129428306869234,165.0,133.0,88.0,122.0,290.0,13.125696680167549,0.01078167115902965,0.01212300413956239,0.012258466652815292,0.018481182795698926,0.0183389544688027,0.015546772068511199,0.012925969447708578,2009,1
2009-02-01,0.014956024822536721,126.0,89.0,101.0,108.0,227.0,13.343289633734289,0.018654755648975303,0.013485477178423237,0.016556291390728478,0.016787485692483783,0.011480718280836032,0.01837037037037037,0.009124087591240875,2009,2
2009-03-01,0.013054482483015852,134.0,100.0,50.0,119.0,175.0,13.375702531361,0.016486810551558755,0.003880597014925373,0.01796221740476928,0.01659616010413277,0.012948207171314742,0.009409751924721984,0.014930325149303252,2009,3
2009-04-01,0.014139656297585382,155.0,101.0,57.0,72.0,253.0,13.674786738193651,0.014018691588785047,0.009698996655518394,0.019778243931675158,0.014814814814814815,0.013989507869098177,0.014102564102564103,0.01249305941143809,2009,4
2009-05-01,0.015102356122054848,160.0,129.0,78.0,91.0,300.0,13.737549839731061,0.014470082127493155,0.011821204285186553,0.019708846584546472,0.02319004524886878,0.01700198356474922,0.007149821254468639,0.009532062391681109,2009,5
2009-06-01,0.01556420233463035,221.0,139.0,93.0,93.0,375.0,13.922696038803556,0.01869555980454642,0.010555203715431708,0.02766798418972332,0.014982373678025853,0.016101898582071617,0.011697065820777161,0.010345697703759779,2009,6
2009-07-01,0.019279267321475977,238.0,174.0,140.0,119.0,462.0,14.042452513591517,0.022185851973086014,0.01817195551939246,0.024365987071108902,0.017971014492753623,0.015746537658888258,0.017017828200972446,0.019089900110987792,2009,7
2009-08-01,0.01904761904761905,250.0,191.0,114.0,119.0,483.0,14.01673867818851,0.021181716833890748,0.019316163410301953,0.02062796641109894,0.021023571883627096,0.013257575757575758,0.018917624521072797,0.018145662440964456,2009,8
2009-09-01,0.015577469496907905,209.0,134.0,94.0,72.0,394.0,13.777324110005061,0.018526058631921825,0.016174801362088535,0.017016317016317017,0.023402340234023402,0.010528834649437664,0.012335354380096175,0.013077237433592154,2009,9
2009-10-01,0.01483325376798745,186.0,141.0,84.0,102.0,333.0,13.532425913163335,0.010894941634241245,0.007656967840735069,0.02500512400081984,0.017649017649017648,0.012413512413512413,0.01059001512859304,0.01951909476661952,2009,10
2009-11-01,0.019973220263334077,193.0,165.0,137.0,114.0,423.0,13.645332430296873,0.03227888960619755,0.010163609320773426,0.021995708154506438,0.013146362839614373,0.019347037484885126,0.021820269882285387,0.018335273573923165,2009,11
2009-12-01,0.015983112183353437,179.0,160.0,100.0,166.0,311.0,13.778556673101019,0.020427781783225185,0.015995734470807786,0.01893387707544422,0.011846901579586877,0.015057755775577558,0.014123185562965868,0.015779467680608367,2009,12
2010-01-01,0.0163709709004034,158.0,133.0,112.0,103.0,315.0,13.572755295605438,0.018311934329614817,0.011553273427471117,0.009912959381044487,0.02461447212336892,0.019494783086216366,0.01565858151673319,0.015053763440860216,2010,1
2010-02-01,0.014496608591568028,137.0,115.0,66.0,94.0,233.0,13.458595011663377,0.009095502779181405,0.011852776044915784,0.023954116059379218,0.032758620689655175,0.01452991452991453,0.007898894154818325,0.008736167734420501,2010,2
2010-03-01,0.015526939705267072,135.0,97.0,74.0,47.0,287.0,13.63331920305214,0.011081948089822106,0.010464758387196061,0.0314488955447398,0.03093239063190455,0.005023322569070686,0.017736486486486486,0.008707865168539325,2010,3
2010-04-01,0.013059078771695595,129.0,112.0,55.0,54.0,259.0,13.821725024227868,0.012617572837806837,0.014295925661186561,0.01741218853197238,0.018140589569160998,0.012106537530266344,0.01266624445851805,0.005429575215586075,2010,4
2010-05-01,0.015108091851537346,183.0,155.0,71.0,96.0,331.0,13.836638439275378,0.011871508379888268,0.019909931263332542,0.02049530315969257,0.01981981981981982,0.014152202937249666,0.012229806598407281,0.005874840357598978,2010,5
2010-06-01,0.014984788659460159,199.0,142.0,89.0,72.0,391.0,13.911883906392992,0.014405504192646742,0.014602346805736636,0.01491442542787286,0.020542317173377157,0.016049091338211,0.012680800475530017,0.013365509560051976,2010,6
2010-07-01,0.019590495449949445,253.0,213.0,123.0,119.0,501.0,14.121516557350823,0.02317008952080042,0.022388059701492536,0.021400778210116732,0.02167434299647792,0.020376778162245292,0.01180482686253935,0.014218009478672985,2010,7
2010-08-01,0.018348334122848572,248.0,175.0,116.0,104.0,477.0,14.096356663470758,0.018430316835783805,0.022149122807017543,0.015512589928057555,0.024927295388450354,0.022099447513812154,0.015010141987829614,0.009181331293037491,2010,8
2010-09-01,0.015395523143927885,192.0,136.0,106.0,76.0,380.0,13.687749735323248,0.01848351186725478,0.011284255776464266,0.018839861179970253,0.02114353782013103,0.0180630284396618,0.009566968781470292,0.010288966725043782,2010,9
2010-10-01,0.018057864981709346,230.0,167.0,115.0,125.0,418.0,13.684513006654567,0.015614035087719299,0.020005884083553988,0.029545006893834942,0.02258064516129032,0.01468498342018001,0.01121404193076548,0.011440457618304731,2010,10
2010-11-01,0.016251611589875824,202.0,147.0,83.0,133.0,346.0,13.587266174703965,0.016663238016868958,0.018045774647887324,0.0213089802130898,0.020804438280166437,0.009584664536741214,0.014705882352941176,0.014247113731269958,2010,11
2010-12-01,0.015728956975673003,172.0,180.0,78.0,137.0,324.0,13.772180269645874,0.01924187030979411,0.018462316641375823,0.013814756671899528,0.009977470228516253,0.014985824220332119,0.01737551867219917,0.014195583596214511,2010,12
2011-01-01,0.014403220768403151,132.0,136.0,111.0,101.0,314.0,13.255313933536437,0.02347897100857493,0.005967408767500574,0.019033361847733105,0.017553956834532373,0.008937691521961185,0.011271297509829619,0.012520413718018509,2011,1
2011-02-01,0.013738045064029827,123.0,96.0,97.0,105.0,234.0,13.155467343264037,0.00791295746785361,0.016444306546695625,0.0137429264349232,0.00976342470897484,0.019050104384133612,0.01306076093128904,0.01578231292517007,2011,2
2011-03-01,0.01423914908217533,133.0,98.0,84.0,82.0,250.0,13.31667027027027,0.015211439002129602,0.01763409257898604,0.012325116588940706,0.02182866556836903,0.01675977653631285,0.007947382844614962,0.011421911421911422,2011,3
2011-04-01,0.014339839815836171,125.0,100.0,50.0,64.0,235.0,13.632370054305664,0.009419152276295133,0.01258917331095258,0.016294349540078842,0.016616957818491693,0.019749835418038184,0.008614232209737827,0.01762589928057554,2011,4
2011-05-01,0.013444767441860465,145.0,108.0,53.0,72.0,261.0,13.775313875754117,0.008123476848090982,0.009397944199706314,0.023150762281197064,0.024918421833283893,0.009812667261373774,0.013661868748475237,0.004861744150714068,2011,5
2011-06-01,0.017708517797060386,205.0,174.0,96.0,101.0,399.0,13.762497318172066,0.017159629713253556,0.015463917525773196,0.02138728323699422,0.03477141017385705,0.014972419227738377,0.01358974358974359,0.01237675687014894,2011,6
2011-07-01,0.019419779027994306,233.0,184.0,122.0,138.0,435.0,13.868956786533,0.018901013250194856,0.020017406440382943,0.022287390029325515,0.027584608252202134,0.013226853007237334,0.018902599107377266,0.013307984790874524,2011,7
2011-08-01,0.016456594464907243,189.0,154.0,112.0,96.0,391.0,13.962300842687046,0.01619156214367161,0.014311270125223614,0.026062027625749284,0.017518248175182483,0.013579049466537343,0.01985598952651102,0.009453781512605041,2011,8
2011-09-01,0.015801985736260665,202.0,127.0,100.0,92.0,360.0,13.746476385601753,0.012399708242159009,0.019008019008019007,0.02538964303670186,0.021603005635566688,0.011745646010530578,0.014783526927138331,0.00933852140077821,2011,9
2011-10-01,0.01586014873295034,195.0,135.0,109.0,83.0,367.0,13.686708410416964,0.01411764705882353,0.015804597701149427,0.021417862497322766,0.01824817518248175,0.016380236305048337,0.012859097127222982,0.01151484135107472,2011,10
2011-11-01,0.015781076581576025,172.0,117.0,137.0,107.0,348.0,13.701356833123514,0.010833517576829538,0.012454005094820267,0.017891549683457197,0.018308921438082555,0.010970258410531447,0.02169421487603306,0.01771274547554871,2011,11
2011-12-01,0.014896066084365901,169.0,154.0,101.0,138.0,302.0,13.85251823076399,0.011415945498066654,0.014136125654450262,0.014388489208633094,0.016016713091922007,0.015789473684210527,0.018390191897654583,0.015598752099832013,2011,12
2012-01-01,0.015863038012128385,148.0,113.0,126.0,83.0,346.0,13.452863895195206,0.012008733624454149,0.013285024154589372,0.012993900822063113,0.015856950067476384,0.024457892082702975,0.015269025690741638,0.018020594965675058,2012,1
2012-02-01,0.014024362835438486,150.0,100.0,50.0,99.0,213.0,13.32172177620538,0.011901747277791846,0.019399707174231333,0.02281134401972873,0.013580805794477138,0.017532674529805548,0.0045117628101836935,0.010069713400464756,2012,2
2012-03-01,0.01882342852242518,152.0,178.0,86.0,71.0,368.0,13.435270748769323,0.009506564056133997,0.011651131824234355,0.032249248428532384,0.027968821641448878,0.014963880288957688,0.012491781722550954,0.027760051052967454,2012,3
2012-04-01,0.013601944470412266,137.0,75.0,61.0,54.0,237.0,13.57493046716636,0.021890862944162436,0.01192457016084304,0.015219647180906262,0.018383628165105793,0.005031446540880503,0.011075384065737763,0.012152777777777778,2012,4
2012-05-01,0.014139298271863545,175.0,111.0,71.0,77.0,301.0,13.842493878319834,0.009109838625715773,0.0188504326328801,0.018120992472818512,0.019372077488309953,0.008712698758440426,0.016706443914081145,0.011411271541686073,2012,5
2012-06-01,0.01339816693486322,179.0,116.0,70.0,66.0,317.0,13.741311649284073,0.01001456664238893,0.009464655427388346,0.023475162439740096,0.02207505518763797,0.011328770356384235,0.009962994591517222,0.007713361532719582,2012,6
2012-07-01,0.017471357054060412,213.0,155.0,100.0,126.0,394.0,13.896955106469552,0.0189873417721519,0.018367346938775512,0.024669379450661243,0.022148130507263636,0.012446024892049785,0.012605910312047944,0.013681592039800995,2012,7
2012-08-01,0.016800052913552483,204.0,168.0,94.0,121.0,387.0,14.044511869831956,0.012861736334405145,0.019810040705563095,0.027513227513227514,0.020989505247376312,0.01661063871860787,0.017773131207527444,0.007464192051644139,2012,8
2012-09-01,0.014691959746134155,199.0,108.0,93.0,72.0,347.0,13.545997104213017,0.01689116955313235,0.012260765550239234,0.021236727045596503,0.021212121212121213,0.00665083135391924,0.012760416666666666,0.00976933514246947,2012,9
2012-10-01,0.01462586212872145,181.0,120.0,103.0,104.0,318.0,13.647770589263857,0.013282732447817837,0.020147420147420148,0.01739562624254473,0.0181631254283756,0.01616978271854472,0.00960102410923832,0.010112359550561797,2012,10
2012-11-01,0.014099311344690104,161.0,100.0,105.0,90.0,299.0,13.566793335282082,0.010401721664275465,0.011263318112633182,0.021685424101015646,0.0200909780136467,0.012176265945110166,0.010259333143345683,0.016733067729083666,2012,11
2012-12-01,0.014764397905759162,174.0,127.0,85.0,100.0,323.0,13.711686026047166,0.01772972972972973,0.016041519226232603,0.017039167957512723,0.011889704022261574,0.015943728018757326,0.009318578916715201,0.013562136728480487,2012,12
2013-01-01,0.017321144379880825,144.0,148.0,140.0,118.0,350.0,13.423570682191372,0.011060507482108002,0.014666267584555522,0.009897723523589575,0.02757527733755943,0.017013232514177693,0.022835633626097866,0.019105199516324063,2013,1
2013-02-01,0.013146006505240332,105.0,91.0,74.0,69.0,222.0,13.307388401979928,0.013914413231819375,0.005695977216091136,0.027932960893854747,0.012479201331114808,0.011996308828052906,0.007874015748031496,0.010963646855164455,2013,2
2013-03-01,0.010998918139199423,103.0,77.0,51.0,75.0,169.0,13.386572598998635,0.011927480916030535,0.009494743981010512,0.01715686274509804,0.010029717682020803,0.014101410141014101,0.00597609561752988,0.006569343065693431,2013,3
2013-04-01,0.011915853479134998,107.0,75.0,48.0,73.0,170.0,13.584098765432099,0.007558139534883721,0.010296010296010296,0.017014694508894045,0.019754170324846356,0.00941346850108617,0.013038204972710734,0.009243409791167409,2013,4
2013-05-01,0.01479185467100875,175.0,97.0,86.0,63.0,314.0,13.814213478707435,0.011055486024196913,0.013191763191763193,0.02205177372962608,0.0208649468892261,0.015565134099616858,0.011127819548872181,0.013197499421162306,2013,5
2013-06-01,0.013169058246338855,168.0,103.0,69.0,44.0,313.0,13.727029537432658,0.011284134506883321,0.009456903539583896,0.0228310502283105,0.01413710322752734,0.015315089128797388,0.009572072072072071,0.008210645526613816,2013,6
2013-07-01,0.019793547507920825,245.0,189.0,118.0,103.0,478.0,14.001610195621637,0.01145117634811576,0.017979062357760582,0.028555738605161998,0.025391201653380574,0.01673202614379085,0.02240281133318691,0.019161928827121498,2013,7
2013-08-01,0.017292904872233974,206.0,154.0,110.0,78.0,437.0,14.005921564646567,0.010383830891896904,0.011781609195402299,0.019397006114273665,0.02637749120750293,0.017105516048433595,0.028063350930814114,0.01164262212098203,2013,8
2013-09-01,0.01730769230769231,201.0,142.0,130.0,97.0,398.0,13.598943103751981,0.0214190093708166,0.017241379310344827,0.017881705639614855,0.023467070401211203,0.01164262212098203,0.010596026490066225,0.01802528921172989,2013,9
2013-10-01,0.01559373490650659,188.0,135.0,102.0,92.0,360.0,13.536587061563598,0.008673818762839534,0.016910935738444193,0.024804905239687848,0.02515295717199184,0.01240791004265219,0.011976047904191617,0.015135365593690045,2013,10
2013-11-01,0.016773539108067965,178.0,145.0,116.0,112.0,351.0,13.613780002191941,0.01768428890543559,0.01032448377581121,0.024969549330085262,0.023573624871882474,0.01190161332980693,0.01596688350088705,0.010980392156862745,2013,11
2013-12-01,0.0128907622058307,131.0,125.0,99.0,99.0,268.0,13.462324890335362,0.01215738284703802,0.01233616037008481,0.009812667261373774,0.012928611579539067,0.011064278187565859,0.014361140443505808,0.017846339987900785,2013,12
2014-01-01,0.012367801553002353,127.0,133.0,81.0,149.0,203.0,13.065487977369166,0.01020408163265306,0.010196468540164138,0.005996184246388662,0.013828238719068414,0.016302016302016303,0.008727849775191749,0.020522388059701493,2014,1
2014-02-01,0.012833168805528134,101.0,96.0,85.0,92.0,207.0,13.173653729795141,0.009514515735545254,0.013848396501457727,0.01976410583359898,0.009930915371329879,0.02106775197510175,0.00712957222566646,0.007222222222222222,2014,2
2014-03-01,0.011272510653897264,93.0,81.0,63.0,83.0,163.0,13.261915758359505,0.00864,0.009259259259259259,0.015572519083969465,0.013494318181818182,0.011328235627301049,0.01243279569892473,0.008041958041958041,2014,3
2014-04-01,0.013075196408529742,97.0,68.0,54.0,41.0,192.0,13.58771979419913,0.008835341365461847,0.015828677839851025,0.011330255979857323,0.024110218140068886,0.011592226389362428,0.014719699342311305,0.009211873080859774,2014,4
2014-05-01,0.01698053560944768,149.0,109.0,84.0,42.0,334.0,13.822339650145773,0.010419133317546767,0.017864561695056087,0.0255863539445629,0.025097360450021637,0.015683147262094632,0.017983074753173484,0.00876577840112202,2014,5
2014-06-01,0.015402843601895734,176.0,122.0,64.0,100.0,277.0,13.850513769009453,0.009264024704065878,0.018711018711018712,0.014679448771719592,0.023060796645702306,0.01441899915182358,0.014785757392878697,0.013378967019290604,2014,6
2014-07-01,0.016715466439346207,187.0,138.0,107.0,53.0,398.0,13.926011560693642,0.011746280344557557,0.02631578947368421,0.021862578080636002,0.01945910290237467,0.010650351234987537,0.015625,0.014722797331492983,2014,7
2014-08-01,0.01842181607194662,216.0,132.0,122.0,105.0,403.0,13.996530314097882,0.012994802079168333,0.026577102803738317,0.026679148139480458,0.024056723221068624,0.01578531965272297,0.014553596417576267,0.008722566122678672,2014,8
2014-09-01,0.01522937146261543,187.0,84.0,110.0,55.0,354.0,13.645116557979161,0.01697792869269949,0.016105054509415264,0.015616285554935862,0.0216696269982238,0.018518518518518517,0.00933820544051969,0.011627906976744186,2014,9
2014-10-01,0.015655787625837424,194.0,131.0,92.0,95.0,342.0,13.848500144216903,0.015122873345935728,0.011058451816745656,0.024261603375527425,0.023174971031286212,0.013,0.01354872329338197,0.012502948808681292,2014,10
2014-11-01,0.013107511045655376,157.0,106.0,74.0,86.0,270.0,13.660439601171282,0.0110803324099723,0.01123294998662744,0.019128831528001843,0.01576834862385321,0.015632515632515633,0.007709880068532267,0.009994447529150472,2014,11
2014-12-01,0.014670115430645099,156.0,112.0,91.0,83.0,297.0,13.915019993012152,0.016671008075019537,0.0157908361377168,0.015389350569405972,0.015034695451040863,0.011326378539493294,0.013111111111111112,0.015323117921385743,2014,12
2015-01-01,0.012865288667141839,143.0,104.0,102.0,105.0,256.0,13.319017523700087,0.018315018315018316,0.007838408200180886,0.013765748950069996,0.01592920353982301,0.009494369618017221,0.010285042609462239,0.01209982354423998,2015,1
2015-02-01,0.011547344110854504,113.0,97.0,78.0,84.0,221.0,13.078712871287129,0.00847457627118644,0.012908777969018933,0.012130801687763712,0.014540167211922937,0.010178117048346057,0.011746280344557557,0.012679162072767364,2015,2
2015-03-01,0.008378737237305985,76.0,46.0,52.0,27.0,156.0,13.437134300852339,0.00927643784786642,0.0068669527896995704,0.009403254972875226,0.016251354279523293,0.004922377887163953,0.0035452013167890607,0.010374832663989291,2015,3
2015-04-01,0.014606796832734963,115.0,98.0,66.0,77.0,220.0,13.643681005890798,0.016008537886873,0.012688342585249802,0.014609765474817378,0.013820335636722606,0.015356585111920874,0.0148995148995149,0.014266117969821674,2015,4
2015-05-01,0.013365290867728306,150.0,93.0,78.0,57.0,272.0,13.875818062827225,0.012628424657534247,0.008636200071968334,0.018642803877703208,0.016081000595592615,0.010813887307911212,0.01440922190201729,0.010803940260565617,2015,5
2015-06-01,0.014981823522931738,178.0,137.0,76.0,118.0,290.0,13.803609813950041,0.011400651465798045,0.010004880429477794,0.021617293835068056,0.0247074122236671,0.017804154302670624,0.00976259152429554,0.013421052631578948,2015,6
2015-07-01,0.017970072917026646,218.0,162.0,120.0,127.0,393.0,13.904095765041584,0.019263456090651557,0.017167381974248927,0.030512072167683736,0.026169950738916255,0.00881057268722467,0.01230933904201231,0.015027322404371584,2015,7
2015-08-01,0.016297519474458844,191.0,141.0,80.0,104.0,350.0,14.007338587231581,0.017341040462427744,0.015755550250656482,0.0155659328441183,0.018325214567385756,0.014099216710182768,0.01772525849335303,0.015173203549957057,2015,8
2015-09-01,0.016937643819080313,193.0,118.0,114.0,62.0,387.0,13.814448292924295,0.01106567235987491,0.011935483870967743,0.018533886583679115,0.03455497382198953,0.02353585112205802,0.013870541611624834,0.011145104895104896,2015,9
2015-10-01,0.016137905739959654,186.0,154.0,77.0,51.0,389.0,13.639904023624954,0.023952095808383235,0.012172854534388313,0.023101555352241537,0.019062142584826535,0.01324229257190151,0.00806692560501942,0.009374138406396471,2015,10
2015-11-01,0.015291902071563088,160.0,122.0,100.0,108.0,298.0,13.768656998977699,0.016242786920282113,0.012580109185853311,0.010701920050361977,0.021714285714285714,0.014559180372067942,0.01729032258064516,0.013541360023550192,2015,11
2015-12-01,0.015343637454981993,166.0,122.0,93.0,99.0,310.0,13.988079470198675,0.01658905704307334,0.019826181423139598,0.01346585444052581,0.018725243068059057,0.012152010605391074,0.013808463251670379,0.014699524427150886,2015,12
2016-01-01,0.014732458552683271,131.0,108.0,117.0,70.0,305.0,13.57609684693595,0.007835236176404746,0.016979445933869526,0.013598041881968996,0.023076923076923078,0.01350234224304216,0.015733333333333332,0.015625,2016,1
2016-02-01,0.010444788670059747,97.0,65.0,62.0,67.0,169.0,13.452081661763394,0.007723035952063915,0.013432835820895522,0.017133956386292833,0.005892255892255892,0.009211283822682787,0.00997506234413965,0.009000620732464307,2016,2
2016-03-01,0.01651702117443703,133.0,111.0,88.0,105.0,239.0,13.497434656340754,0.011455525606469003,0.021872601688411358,0.016813450760608487,0.02414113277623027,0.02003958436417615,0.012864763100094132,0.010972716488730723,2016,3
2016-04-01,0.01854653716628435,152.0,118.0,94.0,61.0,319.0,13.650938284982514,0.01612503100967502,0.013957307060755337,0.02622647331070657,0.03278688524590164,0.009847198641765705,0.014004542013626041,0.01815541031227306,2016,4
2016-05-01,0.014530671389470295,168.0,104.0,78.0,78.0,283.0,13.844928241303819,0.012639766650461837,0.007460624481901078,0.020151133501259445,0.0223382651581085,0.018635407273820258,0.01078234704112337,0.01134572959344469,2016,5
2016-06-01,0.012206815164478536,142.0,97.0,75.0,50.0,281.0,13.857913134017553,0.020032995522036294,0.0097393297049556,0.010449927431059507,0.015318015318015318,0.008858890529424172,0.010374010374010374,0.011037527593818985,2016,6
2016-07-01,0.01790125666821811,187.0,134.0,162.0,74.0,426.0,13.94622103515484,0.014153725181836052,0.013679110857794243,0.02583293095123129,0.030943396226415093,0.015597034006647916,0.012027972027972029,0.01232583065380493,2016,7
2016-08-01,0.017056667606427968,188.0,141.0,101.0,73.0,411.0,13.91601722358635,0.02175925925925926,0.01965427421264504,0.009184525466184246,0.020158827122785584,0.009973045822102426,0.023324227778945158,0.0133422281521014,2016,8
2016-09-01,0.014269073966220151,177.0,105.0,92.0,52.0,340.0,13.75750247334286,0.010566587720896338,0.013621557595498964,0.02216358839050132,0.020013802622498276,0.013737461840383776,0.007833603457590491,0.01487603305785124,2016,9
2016-10-01,0.016628676058443256,190.0,138.0,87.0,94.0,351.0,13.673227010519172,0.010764262648008612,0.02075124770160231,0.01437578814627995,0.02621838371375694,0.013672343487646918,0.018699654775604143,0.015041943881978595,2016,10
2016-11-01,0.0187138482477033,188.0,147.0,133.0,108.0,387.0,13.733892809460233,0.022066458982346833,0.020032485110990796,0.023522316043425813,0.026014568158168574,0.015678979537602975,0.013546524539196091,0.01418918918918919,2016,11
2016-12-01,0.014173285724695766,146.0,96.0,123.0,109.0,280.0,13.623603762492651,0.015818982779335203,0.012144765606023804,0.019828641370869034,0.011211573236889693,0.008131821099935802,0.01239087580963109,0.020239190432382703,2016,12
2017-01-01,0.014054970551490274,120.0,100.0,80.0,72.0,243.0,13.3248920474991,0.01539292465568458,0.012220566318926976,0.022865853658536585,0.017200938232994525,0.007147498375568551,0.011732401397903146,0.014248704663212436,2017,1
2017-02-01,0.010707269155206287,93.0,69.0,47.0,75.0,143.0,13.536561264822135,0.00850099178237461,0.010626992561105207,0.012877115526122149,0.014797507788161994,0.010327022375215147,0.009639414494823277,0.009283819628647215,2017,2
2017-03-01,0.014607069821793748,121.0,98.0,71.0,89.0,211.0,13.502600333627711,0.014496505306756407,0.013529645841623557,0.013403736799350122,0.013650151668351871,0.007476076555023923,0.027461486939048894,0.01267688679245283,2017,3
2017-04-01,0.01457015451622939,117.0,78.0,60.0,62.0,219.0,13.645370080384174,0.01674718196457327,0.003036876355748373,0.01600492459218221,0.019098548510313215,0.018798254447801276,0.01701622477245746,0.008389932081502197,2017,4
2017-05-01,0.01217719924417384,137.0,81.0,63.0,62.0,228.0,13.85225637117941,0.007291385363219011,0.011216566005176877,0.013500784929356358,0.009769441187964049,0.018746158574062692,0.010939167556029883,0.013885317562355361,2017,5
2017-06-01,0.011410828643508637,142.0,69.0,67.0,58.0,236.0,13.853376557434675,0.013203463203463203,0.009473060982830076,0.010076335877862596,0.016576454668470908,0.011192325262677022,0.00964630225080386,0.009900990099009901,2017,6
2017-07-01,0.019602030607329454,218.0,179.0,117.0,77.0,452.0,14.033192539154488,0.018682399213372666,0.023792697290930507,0.024550315994166263,0.02652588204996137,0.016921397379912665,0.01034097261039687,0.014264919941775837,2017,7
2017-08-01,0.019306780176345392,201.0,160.0,112.0,80.0,428.0,14.0845372676758,0.010460251046025104,0.030957755562721703,0.019224806201550388,0.026739592828927378,0.013861386138613862,0.01942883895131086,0.018746916625555006,2017,8
2017-09-01,0.01719484925591796,184.0,115.0,120.0,95.0,351.0,13.68710252830774,0.020085803432137287,0.015403573629081947,0.021000471920717318,0.013995801259622114,0.01766491857576594,0.017754868270332187,0.011333134506412169,2017,9
2017-10-01,0.01801032488452432,199.0,124.0,118.0,94.0,370.0,13.689260012515645,0.016040100250626566,0.0182648401826484,0.0196078431372549,0.021799888205701508,0.014959074230877787,0.021138601969733366,0.013884785819793206,2017,10
2017-11-01,0.013401502827484701,152.0,95.0,85.0,82.0,264.0,13.75708201461337,0.013987730061349693,0.01872175597159458,0.010773130544993664,0.02225519287833828,0.009347693558219874,0.01225865767698437,0.011065307008027771,2017,11
2017-12-01,0.017782582761705936,172.0,152.0,135.0,146.0,331.0,13.741711410655952,0.023442078530963077,0.02346041055718475,0.01330704780680138,0.018629617934954216,0.011072103699702943,0.013054120206690237,0.02032520325203252,2017,12
